Alloy Name,Storage Capacity,Temperature Range,Pressure Range,Synthesis Method,Key Findings,Comments
MgH2,"6.18 wt% initial, 4.98 wt% after 100 cycles",300 °C cycling; dehydrogenation plateau 310-370 °C,2.02-8.58 bar (with TiCrNbHx‑MS) vs 2.42-11.38 bar (pristine) at 310-370 °C,Ball milling; mixed with 20 wt% TiCrNbHx‑MS,Cycling at 300 °C yields 81 % capacity retention over 100 cycles; dehydrogenation activation energy markedly reduced by TiCrNbHx‑MS catalyst.; Hydrogen storage properties of MgH2 enhanced by TiCrNb hydride catalyst,"First dehydrogenation takes ~5 min, subsequent cycles ~3 min; no new phases after cycling.; Primary hydrogen storage material"
NbHx,7 wt%,300°C,3 kPa,Ball milling with MgH2,7 wt% H2 dehydrogenated within 9 min,-
TiCrNb-MS,2.83 wt%,25–150 °C,50 bar,Melt spinning,"Absorbs 2.83 wt% H2 at 150 °C, enabling uptake at 25 °C.",Transforms to FCC TiCrNbHx‑MS hydride after full rehydrogenation.
Ti0.16Cr0.24V0.6,5.67 wt% H2,270 °C,0.01 MPa,Reactive ball milling (nanocrystalline),"Mg‑20 wt% Ti0.16Cr0.24V0.6 composite dehydrogenated 5.67 wt% H₂ in 20 min at 270 °C, 0.01 MPa.",Nanocrystalline alloy produced by reactive ball milling.
Ti45Cr40Nb15,4.98 wt% (reversible after 100 cycles),room temperature to 230°C; Dehydrogenation at 163 °C; cycling at 300 °C,-,Melt spinning; ball milling with MgH2; Melt spinning followed by full hydrogenation,Initial dehydrogenation at 163 °C; 5.8 wt% H2 released in 700 s at 230 °C; 4.3 wt% absorbed in 2 min at 150 °C; Dehydrogenation temperature reduced to 163 °C and activation energy to 73.29 kJ mol⁻¹,FCC phase transforms to BCC during cycling; Added 20 wt% to MgH₂ via ball milling; 81 % capacity retained over 100 cycles
TiCrNbHx-MS,-,310-370 °C (dehydrogenation),2.02-8.58 bar at 310-370 °C,Melt spinning of Ti45Cr40Nb15 alloy; Melt spinning; incorporated via ball milling (20 wt%),Melt‑spun Ti45Cr40Nb15 hydride (TiCrNbHx‑MS) synthesized as catalyst for MgH₂.; Reduces dehydrogenation enthalpy to 75.5 kJ mol⁻¹ H₂ and activation energy ~50 % lower; composite retains 81 % capacity after 100 cycles.,Single BCC phase via rapid solidification.; Hydride phase (FCC) formed after rehydrogenation of TiCrNb‑MS.; No new phases detected after cycling; rapid initial capacity drop then stable performance.
TiCrNbHx‑MS,"4.3 wt% (at 150 °C, 2 min)",25–150 °C,-,fabricated by melt spinning,"Des‑Ea = 73.29 kJ·mol⁻¹, onset dehydrogenation 163 °C, 4.3 wt% absorbed in 2 min at 150 °C",Surface penetration is rate‑determining; tc 815 s at 230 °C decreasing to 362 s at 270 °C
Ti(30Nb)O2,6 wt% release; 5 wt% absorption,225°C (release); room temperature (absorption),-,8 wt% incorporated into MgH2,6 wt% H2 released in 12 min at 225 °C; 5 wt% absorbed in 20 s at RT,-
TiCrVMn,5.7 wt% H2,"290 °C (dehydrogenation), 100 °C (rehydrogenation)",-,-,"Catalyzed MgH₂ releasing 5.7 wt% H₂ in 30 min at 290 °C, >90 % reabsorption at 100 °C.",Improved diffusion via nano‑/amorphous particles.
